chains,cycles_per_iteration
1,3.78379
2,3.77703
3,3.66221
4,3.81578
5,4.09466
6,5.00465
7,6.00336
8,6.62642
9,7.60858
10,8.39831
11,9.45435
12,10.2015
