chains,cycles_per_iteration
1,3.82555
2,3.6532
3,3.60685
4,3.71832
5,4.04606
6,4.95862
7,6.07667
8,6.58918
9,7.57562
10,8.34178
11,9.38045
12,10.2635
